BEGIN;

DROP TABLE IF EXISTS chat_messages;
DROP TABLE IF EXISTS chat_conversations;
DROP TABLE IF EXISTS blog_posts;
DROP TABLE IF EXISTS payments;
DROP TABLE IF EXISTS reviews;
DROP TABLE IF EXISTS bookings;
DROP TABLE IF EXISTS churrasqueiro_parceiros;
DROP TABLE IF EXISTS parceiros;
DROP TABLE IF EXISTS churrasqueiros;
DROP TABLE IF EXISTS users;

CREATE TABLE users (
  id INTEGER GENERATED BY DEFAULT AS IDENTITY PRIMARY KEY,
  name VARCHAR(120) NOT NULL,
  email VARCHAR(180) NOT NULL UNIQUE,
  "passwordHash" VARCHAR(255) NOT NULL,
  role VARCHAR(20) NOT NULL DEFAULT 'user',
  "createdAt" TIMESTAMPTZ,
  "updatedAt" TIMESTAMPTZ
);

INSERT INTO users (id, name, email, "passwordHash", role, "createdAt", "updatedAt") VALUES
(1, 'Admin', 'admin@pedebrasa.com', '$2b$12$ndE1ftNgxaS.jQuTfuCwae502WhVU88jcDjGGlpbdbuSZv/oWS2kW', 'admin', '2026-03-11 11:40:02.136 +00:00', '2026-03-11 11:40:02.136 +00:00'),
(2, 'Teste', 'testando@pedebrasa.com', '$2b$12$Pro0VPs6WsPGZER38zzWzuEn/msUKeQ5/ZE.0ss0AwEGHFj.yg7ku', 'admin', '2026-03-13 13:39:25.911 +00:00', '2026-03-13 13:39:25.911 +00:00'),
(3, 'teste', 'test@pedebrase.com', '$2b$12$Ge5u2HQAgwblE00UMm1KrOAYs72/e7e6ZtnZMuJcnRA.RZSvHGpCW', 'churrasqueiro', '2026-03-31 14:30:55.823 +00:00', '2026-03-31 14:30:55.823 +00:00'),
(4, 'Joanzin', 'joanzin@pedebrasa.com', '$2b$12$V8LLuWFMShcWYVh39fPaperXy2bTLMPQls1dafxsTM405OdRC.UQ6', 'user', '2026-04-17 18:12:49.876 +00:00', '2026-04-17 18:12:49.876 +00:00');

CREATE TABLE churrasqueiros (
  id INTEGER GENERATED BY DEFAULT AS IDENTITY PRIMARY KEY,
  name VARCHAR(120) NOT NULL,
  city VARCHAR(120) NOT NULL,
  description TEXT,
  "pricePerHour" DECIMAL(10,2) NOT NULL,
  rating DECIMAL(3,2) NOT NULL DEFAULT 0,
  "createdAt" TIMESTAMPTZ,
  "updatedAt" TIMESTAMPTZ,
  "imgChurrasqueiro" VARCHAR(255),
  "userId" INTEGER
);

INSERT INTO churrasqueiros (id, name, city, description, "pricePerHour", rating, "createdAt", "updatedAt", "imgChurrasqueiro", "userId") VALUES
(1, 'Ricardo da Silva', 'Cuiabá', 'Sou execelente para fazer costela assada', 132.00, 5.00, NULL, NULL, 'https://plus.unsplash.com/premium_photo-1683134586914-dd6c1f4321ea?q=80&w=870&auto=format&fit=crop&ixlib=rb-4.1.0&ixid=M3wxMjA3fDB8MHxwaG90by1wYWdlfHx8fGVufDB8fHx8fA%3D%3D', NULL),
(2, 'João Bezerra', 'Curitiba', 'Especialista em Parrilla para eventos.', 226.00, 1.60, NULL, NULL, 'https://plus.unsplash.com/premium_photo-1724121439194-900d423aea4e?q=80&w=870&auto=format&fit=crop&ixlib=rb-4.1.0&ixid=M3wxMjA3fDB8MHxwaG90by1wYWdlfHx8fGVufDB8fHx8fA%3D%3D', NULL),
(3, 'Antonio Guimaraes', 'Rio de Janeiro', 'Especialista em defumação para eventos.', 273.00, 3.10, NULL, NULL, 'https://images.unsplash.com/photo-1579405317876-9340f1d26061?q=80&w=774&auto=format&fit=crop&ixlib=rb-4.1.0&ixid=M3wxMjA3fDB8MHxwaG90by1wYWdlfHx8fGVufDB8fHx8fA%3D%3D', NULL),
(4, 'Cleber Oliveira', 'Cuiabá', 'Especialista em Cortes Argentinos para eventos.', 164.00, 3.20, NULL, NULL, NULL, NULL),
(5, 'Caetano Teixeira', 'Campo Grande', 'Especialista em Picanha para eventos.', 249.00, 4.40, NULL, NULL, NULL, NULL),
(6, 'Pedro De Oliveira', 'Porto Alegre', 'Especialista em Picanha para eventos.', 187.00, 4.40, NULL, NULL, NULL, NULL),
(7, 'Teste Churrasqueiro', 'Cuiaba', 'Especialista em Picanha para eventos.', 214.00, 4.60, NULL, NULL, 'https://images.unsplash.com/photo-1599566150163-29194dcaad36?q=80&w=387&auto=format&fit=crop&ixlib=rb-4.1.0&ixid=M3wxMjA3fDB8MHxwaG90by1wYWdlfHx8fGVufDB8fHx8fA%3D%3D', 3),
(8, 'Marcos Alves', 'São Paulo', 'Especialista em Picanha para eventos.', 176.00, 2.50, NULL, NULL, NULL, NULL),
(9, 'Marcos Alves', 'São Paulo', 'Especialista em Picanha para eventos.', 220.00, 3.40, NULL, NULL, NULL, NULL),
(10, 'Marcos Alves', 'São Paulo', 'Especialista em Picanha para eventos.', 250.00, 1.30, NULL, NULL, NULL, NULL),
(11, 'Marcos Alves', 'São Paulo', 'Especialista em Picanha para eventos.', 137.00, 2.00, NULL, NULL, NULL, NULL),
(12, 'Marcos Alves', 'São Paulo', 'Especialista em Picanha para eventos.', 141.00, 3.20, NULL, NULL, NULL, NULL),
(13, 'Marcos Alves', 'São Paulo', 'Especialista em Picanha para eventos.', 140.00, 1.50, NULL, NULL, NULL, NULL),
(14, 'Marcos Alves', 'São Paulo', 'Especialista em Picanha para eventos.', 276.00, 4.90, NULL, NULL, NULL, NULL),
(15, 'Marcos Alves', 'São Paulo', 'Especialista em Picanha para eventos.', 187.00, 4.80, NULL, NULL, NULL, NULL),
(16, 'Marcos Alves', 'São Paulo', 'Especialista em Picanha para eventos.', 80.00, 3.70, NULL, NULL, NULL, NULL),
(17, 'Marcos Alves', 'São Paulo', 'Especialista em Picanha para eventos.', 256.00, 4.50, NULL, NULL, NULL, NULL),
(18, 'Marcos Alves', 'São Paulo', 'Especialista em Picanha para eventos.', 146.00, 2.80, NULL, NULL, NULL, NULL),
(19, 'Marcos Alves', 'São Paulo', 'Especialista em Picanha para eventos.', 295.00, 1.00, NULL, NULL, NULL, NULL),
(20, 'Marcos Alves', 'São Paulo', 'Especialista em Picanha para eventos.', 144.00, 4.30, NULL, NULL, NULL, NULL),
(21, 'Marcos Alves', 'São Paulo', 'Especialista em Picanha para eventos.', 209.00, 4.70, NULL, NULL, NULL, NULL),
(22, 'Marcos Alves', 'São Paulo', 'Especialista em Picanha para eventos.', 217.00, 2.50, NULL, NULL, NULL, NULL),
(23, 'Marcos Alves', 'São Paulo', 'Especialista em Picanha para eventos.', 246.00, 3.50, NULL, NULL, NULL, NULL),
(24, 'Marcos Alves', 'São Paulo', 'Especialista em Picanha para eventos.', 88.00, 4.00, NULL, NULL, NULL, NULL),
(25, 'Marcos Alves', 'São Paulo', 'Especialista em Picanha para eventos.', 158.00, 2.90, NULL, NULL, NULL, NULL),
(26, 'Marcos Alves', 'São Paulo', 'Especialista em Picanha para eventos.', 101.00, 2.80, NULL, NULL, NULL, NULL),
(27, 'Marcos Alves', 'São Paulo', 'Especialista em Picanha para eventos.', 186.00, 4.40, NULL, NULL, NULL, NULL),
(28, 'Marcos Alves', 'São Paulo', 'Especialista em Picanha para eventos.', 264.00, 4.30, NULL, NULL, NULL, NULL),
(29, 'Marcos Alves', 'São Paulo', 'Especialista em Picanha para eventos.', 135.00, 1.60, NULL, NULL, NULL, NULL),
(30, 'Marcos Alves', 'São Paulo', 'Especialista em Picanha para eventos.', 147.00, 1.40, NULL, NULL, NULL, NULL),
(31, 'Marcos Alves', 'São Paulo', 'Especialista em Picanha para eventos.', 279.00, 3.70, NULL, NULL, NULL, NULL);

CREATE TABLE parceiros (
  id INTEGER GENERATED BY DEFAULT AS IDENTITY PRIMARY KEY,
  name VARCHAR(120) NOT NULL,
  category VARCHAR(80) NOT NULL,
  description TEXT,
  "featuredProducts" TEXT,
  location VARCHAR(180) NOT NULL,
  city VARCHAR(120) NOT NULL,
  phone VARCHAR(40) NOT NULL,
  "openingHours" VARCHAR(120) NOT NULL,
  "couponCode" VARCHAR(80) NOT NULL,
  "validUntil" DATE NOT NULL,
  "createdAt" TIMESTAMPTZ,
  "updatedAt" TIMESTAMPTZ
);

INSERT INTO parceiros (id, name, category, description, "featuredProducts", location, city, phone, "openingHours", "couponCode", "validUntil", "createdAt", "updatedAt") VALUES
(1, 'Brasa Nobre Carnes', 'Acougue Premium', 'Boutique de carnes especiais com cortes maturados e kits para churrasco premium.', 'Picanha Angus, ancho, short rib, linguiça artesanal', 'Av. Miguel Sutil, 1240 - Jardim Cuiaba', 'Cuiaba', '(65) 99210-1101', 'Seg a Sab - 08:00 as 19:00', 'BRASANOBRE10', '2027-12-31', '2026-04-13 19:50:42 +00:00', '2026-04-13 19:50:42 +00:00'),
(2, 'Adega Fogo & Malte', 'Bebidas', 'Loja especializada em cervejas artesanais, whiskies e vinhos para harmonizacao de eventos.', 'IPA regional, chopp em barril, whisky 12 anos, vinho malbec', 'Rua das Palmeiras, 87 - Goiabeiras', 'Cuiaba', '(65) 99210-1102', 'Seg a Sex - 10:00 as 22:00', 'FOGOEMALTE12', '2027-12-31', '2026-04-13 19:50:42 +00:00', '2026-04-13 19:50:42 +00:00'),
(3, 'Mesa de Ouro Locações', 'Locacao de Utensilios', 'Aluguel de mesas, cadeiras, talheres e ilhas gourmet para eventos ao ar livre.', 'Mesas rusticas, cadeiras Tiffany, sousplat, ilhas de apoio', 'Av. Fernando Correa, 2100 - Coxipo', 'Cuiaba', '(65) 99210-1103', 'Seg a Sab - 08:00 as 18:00', 'MESAOURO15', '2027-12-31', '2026-04-13 19:50:42 +00:00', '2026-04-13 19:50:42 +00:00'),
(4, 'Gelo Polar Eventos', 'Gelo e Resfriados', 'Fornecimento de gelo em escama, cubo e caixas termicas para festas de pequeno e medio porte.', 'Gelo em cubo, gelo de escama, caixas termicas, freezer horizontal', 'Rua Comandante Costa, 455 - Porto', 'Cuiaba', '(65) 99210-1104', 'Todos os dias - 06:00 as 23:00', 'POLAR8', '2027-12-31', '2026-04-13 19:50:42 +00:00', '2026-04-13 19:50:42 +00:00'),
(5, 'Verde Tempero Hortifruti', 'Hortifruti', 'Selecao de legumes, frutas e ervas frescas para saladas, acompanhamentos e finalizacao.', 'Alho confitado, chimichurri fresco, saladas gourmet, legumes grelhados', 'Av. das Torres, 980 - Santa Cruz', 'Cuiaba', '(65) 99210-1105', 'Seg a Dom - 07:00 as 20:00', 'VERDETEMPERO7', '2027-12-31', '2026-04-13 19:50:42 +00:00', '2026-04-13 19:50:42 +00:00'),
(6, 'Doce Brasa Sobremesas', 'Sobremesas', 'Doceria para fechar o evento com brownies, banoffee, pudim e mesa de doces autorais.', 'Brownie de brasa, banoffee, pudim de leite, cheesecake', 'Rua 24 de Outubro, 311 - Centro Sul', 'Cuiaba', '(65) 99210-1106', 'Ter a Dom - 11:00 as 20:00', 'DOCEBRASA10', '2027-12-31', '2026-04-13 19:50:42 +00:00', '2026-04-13 19:50:42 +00:00'),
(7, 'Som de Quintal', 'Musica Ao Vivo', 'Trio acustico e estrutura de sonorizacao para churrascos, aniversarios e confraternizacoes.', 'Voz e violao, samba leve, som ambiente, DJ lounge', 'Rua Estevao de Mendonca, 522 - Quilombo', 'Cuiaba', '(65) 99210-1107', 'Seg a Sex - 09:00 as 18:00', 'SOMQUINTAL5', '2027-12-31', '2026-04-13 19:50:42 +00:00', '2026-04-13 19:50:42 +00:00'),
(8, 'Casa da Fumaca', 'Defumados Artesanais', 'Especialista em brisket, costela defumada e acompanhamentos para experiencias barbecue.', 'Brisket, pork ribs, pulled pork, molho barbecue da casa', 'Av. Historiador Rubens de Mendonca, 1500 - Bosque da Saude', 'Cuiaba', '(65) 99210-1108', 'Qua a Dom - 10:00 as 21:00', 'FUMACA12', '2027-12-31', '2026-04-13 19:50:42 +00:00', '2026-04-13 19:50:42 +00:00'),
(9, 'Floratta Decor', 'Decoracao', 'Decoracao de mesas, lounges e ambientacao para eventos premium e corporativos.', 'Arranjos naturais, lounges externos, iluminacao cenario, mesas posta', 'Rua Jornalista Amaro de Figueiredo Falcao, 120 - Duque de Caxias', 'Cuiaba', '(65) 99210-1109', 'Seg a Sab - 09:00 as 18:30', 'FLORATTA10', '2027-12-31', '2026-04-13 19:50:42 +00:00', '2026-04-13 19:50:42 +00:00'),
(10, 'Chef em Casa Kids', 'Recreacao Infantil', 'Espaco kids e monitores para manter as criancas entretidas durante o evento.', 'Monitoria, oficinas, brinquedos inflaveis, pintura facial', 'Rua Jornalista Alves de Oliveira, 64 - Jardim das Americas', 'Cuiaba', '(65) 99210-1110', 'Seg a Dom - 08:00 as 19:00', 'KIDSBRASA6', '2027-12-31', '2026-04-13 19:50:42 +00:00', '2026-04-13 19:50:42 +00:00');

CREATE TABLE churrasqueiro_parceiros (
  id INTEGER GENERATED BY DEFAULT AS IDENTITY PRIMARY KEY,
  "churrasqueiroId" INTEGER NOT NULL,
  "parceiroId" INTEGER NOT NULL,
  "createdAt" TIMESTAMPTZ,
  "updatedAt" TIMESTAMPTZ
);

CREATE TABLE bookings (
  id INTEGER GENERATED BY DEFAULT AS IDENTITY PRIMARY KEY,
  "userId" INTEGER NOT NULL,
  "churrasqueiroId" INTEGER NOT NULL,
  date DATE NOT NULL,
  "startTime" VARCHAR(5) NOT NULL,
  "endTime" VARCHAR(5) NOT NULL,
  "totalPrice" DECIMAL(10,2) NOT NULL,
  status VARCHAR(40) NOT NULL DEFAULT 'EM_ANALISE_CHURRASQUEIRO',
  "createdAt" TIMESTAMPTZ,
  "updatedAt" TIMESTAMPTZ,
  notes TEXT,
  "partnerId" INTEGER,
  "partnerName" VARCHAR(120),
  "partnerCouponCode" VARCHAR(80),
  "selectedCuts" TEXT,
  "platformFeeAmount" DECIMAL(10,2) NOT NULL DEFAULT 0,
  "serviceAmount" DECIMAL(10,2) NOT NULL DEFAULT 0,
  "travelFee" DECIMAL(10,2) NOT NULL DEFAULT 0,
  "estimatedPrice" DECIMAL(10,2) NOT NULL DEFAULT 0,
  "approvedPrice" DECIMAL(10,2)
);

INSERT INTO bookings (id, "userId", "churrasqueiroId", date, "startTime", "endTime", "totalPrice", status, "createdAt", "updatedAt", notes, "partnerId", "partnerName", "partnerCouponCode", "selectedCuts", "platformFeeAmount", "serviceAmount", "travelFee", "estimatedPrice", "approvedPrice") VALUES
(1, 1, 3, '2026-03-20', '10:00', '12:00', 250.00, 'pending', '2026-03-19 15:05:40 +00:00', '2026-03-19 15:05:40 +00:00', NULL, NULL, NULL, NULL, NULL, 0.00, 0.00, 0.00, 0.00, NULL),
(2, 2, 1, '2026-03-21', '14:00', '18:00', 480.00, 'confirmed', '2026-03-19 15:06:07 +00:00', '2026-03-19 15:06:07 +00:00', NULL, NULL, NULL, NULL, NULL, 0.00, 0.00, 0.00, 0.00, NULL),
(3, 3, 2, '2026-03-22', '09:30', '11:30', 220.50, 'pending', '2026-03-19 15:06:09 +00:00', '2026-03-19 15:06:09 +00:00', NULL, NULL, NULL, NULL, NULL, 0.00, 0.00, 0.00, 0.00, NULL),
(4, 4, 4, '2026-03-23', '19:00', '22:00', 600.00, 'cancelled', '2026-03-19 15:06:10 +00:00', '2026-03-19 15:06:10 +00:00', NULL, NULL, NULL, NULL, NULL, 0.00, 0.00, 0.00, 0.00, NULL),
(5, 5, 3, '2026-03-24', '12:00', '15:00', 350.00, 'confirmed', '2026-03-19 15:06:11 +00:00', '2026-03-19 15:06:11 +00:00', NULL, NULL, NULL, NULL, NULL, 0.00, 0.00, 0.00, 0.00, NULL),
(6, 3, 1, '2026-05-05', '19:00', '22:00', 396.00, 'pending', '2026-03-31 16:03:51.143 +00:00', '2026-03-31 16:03:51.143 +00:00', 'Picanha apenas', NULL, NULL, NULL, NULL, 0.00, 0.00, 0.00, 0.00, NULL),
(7, 2, 2, '2026-05-05', '19:00', '22:00', 678.00, 'pending', '2026-03-31 18:38:15.298 +00:00', '2026-03-31 18:38:15.298 +00:00', 'Somente Picanha', NULL, NULL, NULL, NULL, 0.00, 0.00, 0.00, 0.00, NULL),
(8, 3, 3, '2026-04-18', '11:00', '16:00', 1365.00, 'pending', '2026-04-17 18:14:18.410 +00:00', '2026-04-17 18:14:18.410 +00:00', 'ENdereco, jajajajdsa', NULL, NULL, NULL, '[Picanha,Linguica artesanal,Fraldinha]', 0.00, 0.00, 0.00, 0.00, NULL),
(9, 3, 2, '2026-04-20', '11:00', '16:00', 1947.40, 'EM_ANALISE_CHURRASQUEIRO', '2026-04-20 23:16:22.828 +00:00', '2026-04-20 23:16:22.828 +00:00', 'Convidados estimados: 30', NULL, NULL, NULL, '[Picanha,Linguica artesanal]', 127.40, 1820.00, 0.00, 1947.40, NULL),
(10, 3, 2, '2026-04-21', '11:00', '13:00', 676.24, 'EM_ANALISE_CHURRASQUEIRO', '2026-04-20 23:20:14.274 +00:00', '2026-04-20 23:20:14.274 +00:00', 'Convidados estimados: 10', NULL, NULL, NULL, '[Picanha,Linguica artesanal,Pao de alho]', 44.24, 632.00, 0.00, 676.24, NULL),
(11, 3, 2, '2026-04-30', '11:00', '13:00', 676.24, 'EM_ANALISE_CHURRASQUEIRO', '2026-04-20 23:20:45.026 +00:00', '2026-04-20 23:20:45.026 +00:00', 'Convidados estimados: 10', NULL, NULL, NULL, '[Picanha,Linguica artesanal,Pao de alho]', 44.24, 632.00, 0.00, 676.24, NULL),
(12, 3, 2, '2026-05-03', '11:00', '13:00', 826.04, 'EM_ANALISE_CHURRASQUEIRO', '2026-04-21 00:45:43.254 +00:00', '2026-04-21 00:45:43.254 +00:00', 'Convidados estimados: 10', NULL, NULL, NULL, '[Picanha]', 54.04, 772.00, 0.00, 826.04, NULL),
(13, 3, 7, '2026-05-04', '11:00', '16:00', 1415.96, 'APROVADO_PARA_PAGAMENTO', '2026-04-27 18:26:47.929 +00:00', '2026-04-27 18:27:06.283 +00:00', 'Convidados estimados: 10', NULL, NULL, NULL, '[Picanha,Linguica artesanal,Ancho]', 92.63, 1323.33, 0.00, 1415.96, 1415.96);

CREATE TABLE reviews (
  id INTEGER GENERATED BY DEFAULT AS IDENTITY PRIMARY KEY,
  "bookingId" INTEGER NOT NULL,
  "churrasqueiroId" INTEGER NOT NULL,
  "userId" INTEGER NOT NULL,
  rating INTEGER NOT NULL,
  comment TEXT,
  "createdAt" TIMESTAMPTZ,
  "updatedAt" TIMESTAMPTZ
);

CREATE TABLE payments (
  id INTEGER GENERATED BY DEFAULT AS IDENTITY PRIMARY KEY,
  "bookingId" INTEGER NOT NULL,
  amount DECIMAL(10,2) NOT NULL,
  status VARCHAR(20) NOT NULL DEFAULT 'pending',
  provider VARCHAR(50),
  "transactionId" VARCHAR(120),
  "createdAt" TIMESTAMPTZ,
  "updatedAt" TIMESTAMPTZ,
  "idempotencyKey" VARCHAR(190) UNIQUE
);

CREATE TABLE blog_posts (
  id INTEGER GENERATED BY DEFAULT AS IDENTITY PRIMARY KEY,
  "userId" INTEGER NOT NULL,
  "churrasqueiroId" INTEGER NOT NULL,
  title VARCHAR(180) NOT NULL,
  subtitle VARCHAR(255),
  content TEXT NOT NULL,
  "createdAt" TIMESTAMPTZ,
  "updatedAt" TIMESTAMPTZ
);

CREATE TABLE chat_conversations (
  id INTEGER GENERATED BY DEFAULT AS IDENTITY PRIMARY KEY,
  "participantOneId" INTEGER NOT NULL,
  "participantTwoId" INTEGER NOT NULL,
  "lastMessageAt" TIMESTAMPTZ NOT NULL,
  "createdAt" TIMESTAMPTZ,
  "updatedAt" TIMESTAMPTZ
);

INSERT INTO chat_conversations (id, "participantOneId", "participantTwoId", "lastMessageAt", "createdAt", "updatedAt") VALUES
(1, 2, 3, '2026-04-17 18:10:40.736 +00:00', '2026-04-17 18:10:34.453 +00:00', '2026-04-17 18:10:40.770 +00:00'),
(2, 3, 4, '2026-04-17 18:13:31.787 +00:00', '2026-04-17 18:12:58.729 +00:00', '2026-04-17 18:13:31.824 +00:00');

CREATE TABLE chat_messages (
  id INTEGER GENERATED BY DEFAULT AS IDENTITY PRIMARY KEY,
  "conversationId" INTEGER NOT NULL REFERENCES chat_conversations (id) ON DELETE CASCADE ON UPDATE CASCADE,
  "senderId" INTEGER NOT NULL,
  body TEXT NOT NULL,
  "createdAt" TIMESTAMPTZ,
  "updatedAt" TIMESTAMPTZ
);

CREATE UNIQUE INDEX churrasqueiro_parceiros_churrasqueiro_id_parceiro_id ON churrasqueiro_parceiros ("churrasqueiroId", "parceiroId");
CREATE UNIQUE INDEX chat_conversations_participant_one_id_participant_two_id ON chat_conversations ("participantOneId", "participantTwoId");
CREATE INDEX chat_conversations_last_message_at ON chat_conversations ("lastMessageAt");
CREATE INDEX chat_messages_conversation_id_created_at ON chat_messages ("conversationId", "createdAt");
CREATE INDEX chat_messages_sender_id_created_at ON chat_messages ("senderId", "createdAt");

SELECT setval(pg_get_serial_sequence('users', 'id'), COALESCE(MAX(id), 1), MAX(id) IS NOT NULL) FROM users;
SELECT setval(pg_get_serial_sequence('churrasqueiros', 'id'), COALESCE(MAX(id), 1), MAX(id) IS NOT NULL) FROM churrasqueiros;
SELECT setval(pg_get_serial_sequence('parceiros', 'id'), COALESCE(MAX(id), 1), MAX(id) IS NOT NULL) FROM parceiros;
SELECT setval(pg_get_serial_sequence('churrasqueiro_parceiros', 'id'), COALESCE(MAX(id), 1), MAX(id) IS NOT NULL) FROM churrasqueiro_parceiros;
SELECT setval(pg_get_serial_sequence('bookings', 'id'), COALESCE(MAX(id), 1), MAX(id) IS NOT NULL) FROM bookings;
SELECT setval(pg_get_serial_sequence('reviews', 'id'), COALESCE(MAX(id), 1), MAX(id) IS NOT NULL) FROM reviews;
SELECT setval(pg_get_serial_sequence('payments', 'id'), COALESCE(MAX(id), 1), MAX(id) IS NOT NULL) FROM payments;
SELECT setval(pg_get_serial_sequence('blog_posts', 'id'), COALESCE(MAX(id), 1), MAX(id) IS NOT NULL) FROM blog_posts;
SELECT setval(pg_get_serial_sequence('chat_conversations', 'id'), COALESCE(MAX(id), 1), MAX(id) IS NOT NULL) FROM chat_conversations;
SELECT setval(pg_get_serial_sequence('chat_messages', 'id'), COALESCE(MAX(id), 1), MAX(id) IS NOT NULL) FROM chat_messages;

COMMIT;
